Index,Fitted Radius (m)
1,0.004906444717414562
2,0.005022822719729035
3,0.005139108594276492
4,0.0052553024139876375
5,0.005371404251735384
6,0.0054874141803349765
7,0.0056033322725440315
8,0.005719158601062548
9,0.005834893238532978
10,0.00595053625754027
11,0.0060660877306119385
12,0.006181547730218028
13,0.006296916328771266
14,0.00641219359862702
15,0.006527379612083407
16,0.006642474441381301
17,0.00675747815870437
18,0.006872390836179155
19,0.006987212545875124
20,0.007101943359804634
21,0.007216583349923112
22,0.007331132588128939
23,0.007445591146263654
24,0.007559959096111877
25,0.007674236509401433
26,0.007788423457803327
27,0.007902520012931853
28,0.008016526246344632
29,0.008130442229542583
30,0.008244268033970091
31,0.00835800373101492
32,0.008471649392008361
33,0.008585205088225231
34,0.008698670890883926
35,0.00881204687114645
36,0.00892533310011848
37,0.009038529648849405
38,0.009151636588332361
39,0.009264653989504315
40,0.009377581923246048
41,0.009490420460382214
42,0.009603169671681469
43,0.009715829627856368
44,0.009828400399563519
45,0.009940882057403629
46,0.010053274671921469
47,0.010165578313605992
48,0.010277793052890328
49,0.010389918960151873
50,0.010501956105712282
51,0.010613904559837588
52,0.010725764392738167
53,0.010837535674568806
54,0.010949218475428759
55,0.011060812865361825
56,0.011172318914356312
57,0.011283736692345142
58,0.011395066269205882
59,0.011506307714760761
60,0.011617461098776767
61,0.0117285264909656
62,0.011839503960983863
63,0.011950393578432927
64,0.012061195412859126
65,0.012171909533753704
66,0.012282536010552927
67,0.012393074912638065
68,0.012503526309335471
69,0.012613890269916639
70,0.012724166863598174
71,0.012834356159541958
72,0.012944458226855075
73,0.013054473134589892
74,0.013164400951744152
75,0.013274241747260964
76,0.013383995590028841
77,0.013493662548881787
78,0.013603242692599288
79,0.013712736089906426
80,0.013822142809473813
81,0.013931462919917773
82,0.014040696489800265
83,0.014149843587628982
84,0.014258904281857387
85,0.014367878640884749
86,0.014476766733056201
87,0.01458556862666275
88,0.014694284389941387
89,0.01480291409107502
90,0.014911457798192654
91,0.015019915579369297
92,0.015128287502626105
93,0.015236573635930391
94,0.015344774047195617
95,0.015452888804281535
96,0.01556091797499417
97,0.015668861627085823
98,0.01577671982825523
99,0.015884492646147476
100,0.01599218014835413
101,0.016099782402413245
102,0.016207299475809414
103,0.016314731435973784
104,0.01642207835028415
105,0.016529340286064967
106,0.016636517310587382
107,0.016743609491069282
108,0.016850616894675357
109,0.01695753958851712
110,0.017064377639652982
111,0.017171131115088237
112,0.01727780008177512
113,0.017384384606612936
114,0.017490884756447944
115,0.017597300598073566
116,0.017703632198230287
117,0.017809879623605782
118,0.017916042940834948
119,0.01802212221649991
120,0.018128117517130095
121,0.018234028909202254
122,0.018339856459140526
123,0.018445600233316473
124,0.018551260298049103
125,0.018656836719604913
126,0.01876232956419797
127,0.018867738897989903
128,0.01897306478708997
129,0.019078307297555094
130,0.019183466495389923
131,0.01928854244654684
132,0.019393535216925984
133,0.019498444872375408
134,0.01960327147869095
135,0.019708015101616447
136,0.019812675806843597
137,0.019917253660012176
138,0.02002174872670997
139,0.020126161072472823
140,0.02023049076278472
141,0.020334737863077806
142,0.02043890243873245
143,0.0205429845550772
144,0.02064698427738897
145,0.020750901670892927
146,0.020854736800762646
147,0.020958489732120097
148,0.02106216053003571
149,0.021165749259528372
150,0.021269255985565547
151,0.02137268077306322
152,0.021476023686886014
153,0.021579284791847196
154,0.021682464152708747
155,0.02178556183418133
156,0.021888577900924442
157,0.02199151241754635
158,0.022094365448604193
159,0.022197137058604002
160,0.02229982731200075
161,0.022402436273198365
162,0.02250496400654981
163,0.022607410576357116
164,0.02270977604687139
165,0.022812060482292874
166,0.022914263946770992
167,0.02301638650440439
168,0.02311842821924097
169,0.023220389155277944
170,0.02332226937646184
171,0.02342406894668857
172,0.02352578792980349
173,0.023627426389601365
174,0.02372898438982653
175,0.02383046199417277
176,0.02393185926628351
177,0.024033176269751787
178,0.024134413068120274
179,0.02423556972488137
180,0.02433664630347717
181,0.024437642867299603
182,0.02453855947969037
183,0.02463939620394103
184,0.024740153103293097
185,0.02484083024093793
186,0.024941427680016937
187,0.025041945483621496
188,0.025142383714793094
189,0.025242742436523247
190,0.025343021711753663
191,0.025443221603376177
192,0.025543342174232868
193,0.025643383487116065
194,0.02574334560476836
195,0.025843228589882736
196,0.025943032505102468
197,0.026042757413021318
198,0.02614240337618343
199,0.026241970457083506
200,0.0263414587181667
201,0.02644086822182879
202,0.026540199030416118
203,0.026639451206225736
204,0.026738624811505317
205,0.02683771990845325
206,0.026936736559218747
207,0.027035674825901787
208,0.027134534770553168
209,0.027233316455174628
210,0.027332019941718737
211,0.0274306452920891
212,0.02752919256814027
213,0.027627661831677856
214,0.027726053144458536
215,0.02782436656819012
216,0.0279226021645315
217,0.02802075999509285
218,0.028118840121435496
219,0.028216842605072075
220,0.0283147675074665
221,0.02841261489003407
222,0.02851038481414142
223,0.02860807734110662
224,0.028705692532199217
225,0.028803230448640242
226,0.02890069115160224
227,0.02899807470220938
228,0.029095381161537384
229,0.029192610590613684
230,0.029289763050417365
231,0.029386838601879246
232,0.029483837305881905
233,0.029580759223259735
234,0.029677604414799
235,0.029774372941237765
236,0.02987106486326609
237,0.02996768024152596
238,0.030064219136611343
239,0.030160681609068256
240,0.03025706771939479
241,0.030353377528041136
242,0.030449611095409616
243,0.03054576848185477
244,0.030641849747683348
245,0.030737854953154325
246,0.030833784158479025
247,0.030929637423821075
248,0.03102541480929649
249,0.031121116374973692
250,0.031216742180873534
251,0.03131229228696938
252,0.0314077667531871
253,0.03150316563940513
254,0.03159848900545455
255,0.03169373691111898
256,0.03178890941613478
257,0.031884006580191006
258,0.031979028462929486
259,0.0320739751239448
260,0.032168846622784374
261,0.032263643018948476
262,0.03235836437189028
263,0.0324530107410159
264,0.032547582185684425
265,0.03264207876520792
266,0.03273650053885156
267,0.03283084756583357
268,0.03292511990532526
269,0.033019317616451174
270,0.033113440758288995
271,0.03320748938986964
272,0.03330146357017735
273,0.03339536335814959
274,0.03348918881267724
275,0.03358293999260453
276,0.033676616956729105
277,0.03377021976380206
278,0.033863748472528016
279,0.03395720314156508
280,0.03405058382952492
281,0.03414389059497288
282,0.03423712349642783
283,0.03433028259236241
284,0.034423367941202924
285,0.034516379601329444
286,0.03460931763107578
287,0.034702182088729654
288,0.03479497303253257
289,0.034887690520679936
290,0.034980334611321134
291,0.035072905362559456
292,0.035165402832452244
293,0.035257827079010845
294,0.03535017816020073
295,0.03544245613394143
296,0.03553466105810664
297,0.03562679299052428
298,0.03571885198897644
299,0.0358108381111995
300,0.03590275141488411
301,0.03599459195767528
302,0.03608635979717237
303,0.03617805499092913
304,0.03626967759645379
305,0.03636122767120901
306,0.036452705272611984
307,0.036544110458034434
308,0.036635443284802706
309,0.03672670381019772
310,0.03681789209145507
311,0.036909008185765056
312,0.03700005215027267
313,0.0370910240420777
314,0.037181923918234716
315,0.03727275183575312
316,0.03736350785159719
317,0.037454192022686114
318,0.03754480440589401
319,0.03763534505804998
320,0.03772581403593813
321,0.03781621139629763
322,0.037906537195822716
323,0.03799679149116275
324,0.03808697433892228
325,0.03817708579566099
326,0.03826712591789383
327,0.03835709476209098
328,0.038446992384677935
329,0.03853681884203554
330,0.03862657419049997
331,0.03871625848636285
332,0.03880587178587117
333,0.03889541414522746
334,0.03898488562058976
335,0.03907428626807158
336,0.039163616143742114
337,0.03925287530362609
338,0.03934206380370389
339,0.03943118169991164
340,0.039520229048141134
341,0.03960920590423993
342,0.03969811232401137
343,0.03978694836321465
344,0.03987571407756479
345,0.03996440952273273
346,0.04005303475434534
347,0.04014158982798542
348,0.0402300747991918
349,0.040318489723459354
350,0.040406834656239
351,0.04049510965293777
352,0.04058331476891881
353,0.0406714500595015
354,0.04075951557996135
355,0.040847511385530194
356,0.040935437531396064
357,0.041023294072703366
358,0.041111081064552815
359,0.04119879856200151
360,0.041286446620062985
361,0.04137402529370724
362,0.04146153463786069
363,0.041548974707406316
364,0.04163634555718368
365,0.041723647241988876
366,0.04181087981657465
367,0.04189804333565037
368,0.041985137853882165
369,0.04207216342589283
370,0.04215912010626194
371,0.04224600794952585
372,0.04233282701017775
373,0.0424195773426677
374,0.042506259001402646
375,0.04259287204074647
376,0.042679416515020024
377,0.04276589247850115
378,0.04285229998542469
379,0.042938639089982626
380,0.04302490984632397
381,0.0431111123085549
382,0.04319724653073879
383,0.04328331256689615
384,0.04336931047100477
385,0.04345524029699972
386,0.04354110209877332
387,0.0436268959301753
388,0.043712621845012706
389,0.04379827989705
390,0.04388387014000909
391,0.043969392627569354
392,0.04405484741336771
393,0.044140234550998546
394,0.044225554094013866
395,0.0443108060959233
396,0.044395990610194065
397,0.04448110769025109
398,0.044566157389476994
399,0.044651139761212176
400,0.044736054858754745
401,0.04482090273536067
402,0.04490568344424374
403,0.0449903970385756
404,0.04507504357148587
405,0.045159623096062036
406,0.045244135665349586
407,0.04532858133235203
408,0.045412960150030886
409,0.04549727217130579
410,0.04558151744905444
411,0.04566569603611274
412,0.04574980798527469
413,0.04583385334929253
414,0.04591783218087676
415,0.04600174453269612
416,0.04608559045737771
417,0.04616937000750687
418,0.04625308323562743
419,0.046336730194241525
420,0.04642031093580977
421,0.04650382551275129
422,0.046587273977443666
423,0.04667065638222298
424,0.04675397277938399
425,0.046837223221179954
426,0.04692040775982281
427,0.04700352644748318
428,0.04708657933629033
429,0.04716956647833234
430,0.047252487925655964
431,0.04733534373026684
432,0.047418133944129366
433,0.047500858619166864
434,0.047583517807261506
435,0.04766611156025441
436,0.047748639929945665
437,0.04783110296809435
438,0.04791350072641854
439,0.0479958332565954
440,0.048078100610261215
441,0.048160302839011314
442,0.04824243999440025
443,0.04832451212794171
444,0.048406519291108674
445,0.0484884615353333
446,0.0485703389120071
447,0.04865215147248082
448,0.048733899268064616
449,0.04881558235002804
450,0.04889720076959999
451,0.048978754577968873
452,0.049060243826282525
453,0.049141668565648354
454,0.049223028847133234
455,0.04930432472176368
456,0.049385556240525784
457,0.04946672345436526
458,0.049547826414187514
459,0.04962886517085767
460,0.049709839775200534
461,0.049790750278000735
462,0.04987159673000266
463,0.049952379181910554
464,0.05003309768438848
465,0.05011375228806044
466,0.05019434304351036
467,0.050274870001282085
468,0.05035533321187947
469,0.050435732725766375
470,0.05051606859336675
471,0.05059634086506461
472,0.05067654959120405
473,0.05075669482208935
474,0.05083677660798496
475,0.050916794999115556
476,0.050996750045666006
477,0.05107664179778149
478,0.05115647030556747
479,0.0512362356190898
480,0.0513159377883746
481,0.05139557686340847
482,0.05147515289413842
483,0.05155466593047189
484,0.05163411602227686
485,0.051713503219381805
486,0.05179282757157574
487,0.05187208912860831
488,0.05195128794018972
489,0.052030424055990905
490,0.052109497525643374
491,0.052188508398739425
492,0.05226745672483208
493,0.05234634255343512
494,0.05242516593402314
495,0.05250392691603154
496,0.052582625548856655
497,0.052661261881855666
498,0.05273983596434665
499,0.052818347845608724
500,0.05289679757488192
501,0.052975185201367375
502,0.053053510774227174
503,0.05313177434258455
504,0.05320997595552384
505,0.05328811566209049
506,0.053366193511291196
507,0.05344420955209378
508,0.053522163833427346
509,0.053600056404182236
510,0.05367788731321011
511,0.053755656609323965
512,0.0538333643412981
513,0.05391101055786828
514,0.05398859530773165
515,0.05406611863954679
516,0.05414358060193379
517,0.05422098124347425
518,0.05429832061271127
519,0.05437559875814958
520,0.05445281572825549
521,0.05452997157145692
522,0.054607066336143484
523,0.054684100070666465
524,0.0547610728233389
525,0.05483798464243554
526,0.054914835576192964
527,0.05499162567280953
528,0.05506835498044549
529,0.05514502354722288
530,0.055221631421225735
531,0.0552981786505
532,0.05537466528305354
533,0.05545109136685626
534,0.055527456949840105
535,0.05560376207989903
536,0.05568000680488911
537,0.05575619117262849
538,0.05583231523089755
539,0.05590837902743875
540,0.05598438260995679
541,0.056060326026118656
542,0.05613620932355352
543,0.05621203254985289
544,0.056287795752570605
545,0.056363498979222826
546,0.05643914227728815
547,0.05651472569420756
548,0.05659024927738446
549,0.05666571307418477
550,0.05674111713193689
551,0.05681646149793176
552,0.05689174621942289
553,0.05696697134362637
554,0.05704213691772092
555,0.0571172429888479
556,0.05719228960411138
557,0.05726727681057812
558,0.057342204655277604
559,0.05741707318520215
560,0.05749188244730678
561,0.05756663248850944
562,0.05764132335569088
563,0.05771595509569474
564,0.05779052775532759
565,0.05786504138135896
566,0.05793949602052133
567,0.05801389171951018
568,0.05808822852498406
569,0.058162506483564566
570,0.05823672564183637
571,0.05831088604634729
572,0.0583849877436083
573,0.05845903078009353
574,0.058533015202240336
575,0.058606941056449285
576,0.05868080838908429
577,0.05875461724647247
578,0.058828367674904285
579,0.05890205972063363
580,0.05897569342987768
581,0.0590492688488171
582,0.05912278602359597
583,0.05919624500032179
584,0.05926964582506568
585,0.059342988543862156
586,0.0594162732027094
587,0.059489499847569134
588,0.059562668524366646
589,0.05963577927899096
590,0.05970883215729473
591,0.059781827205094305
592,0.05985476446816978
593,0.05992764399226498
594,0.06000046582308758
595,0.06007323000630901
596,0.06014593658756456
597,0.0602185856124534
598,0.06029117712653862
599,0.06036371117534722
600,0.06043618780437017
601,0.060508607059062414
602,0.06058096898484293
603,0.0606532736270947
604,0.060725521031164874
605,0.06079771124236459
606,0.0608698443059692
607,0.06094192026721816
608,0.06101393917131516
609,0.06108590106342807
610,0.061157805988689015
611,0.06122965399219441
612,0.06130144511900495
613,0.06137317941414563
614,0.06144485692260588
615,0.061516477689339454
616,0.061588041759264536
617,0.06165954917726376
618,0.06173099998818422
619,0.061802394236837484
620,0.0618737319679997
621,0.061945013226411536
622,0.06201623805677826
623,0.0620874065037697
624,0.062158518612020396
625,0.06222957442612951
626,0.0623005739906609
627,0.06237151735014317
628,0.06244240454906963
629,0.06251323563189844
630,0.06258401064305244
631,0.06265472962691947
632,0.06272539262785211
633,0.06279599969016786
634,0.06286655085814913
635,0.06293704617604332
636,0.06300748568806275
637,0.06307786943838477
638,0.06314819747115175
639,0.0632184698304711
640,0.06328868656041534
641,0.06335884770502208
642,0.0634289533082941
643,0.0634990034141993
644,0.06356899806667078
645,0.06363893730960693
646,0.06370882118687131
647,0.06377864974229278
648,0.06384842301966552
649,0.06391814106274901
650,0.06398780391526815
651,0.06405741162091315
652,0.06412696422333967
653,0.06419646176616883
654,0.06426590429298716
655,0.06433529184734676
656,0.06440462447276522
657,0.06447390221272567
658,0.06454312511067682
659,0.06461229321003298
660,0.0646814065541741
661,0.06475046518644584
662,0.06481946915015944
663,0.06488841848859195
664,0.06495731324498608
665,0.06502615346255039
666,0.0650949391844592
667,0.06516367045385263
668,0.06523234731383666
669,0.06530096980748315
670,0.06536953797782989
671,0.06543805186788057
672,0.06550651152060484
673,0.06557491697893833
674,0.06564326828578268
675,0.0657115654840056
676,0.06577980861644085
677,0.06584799772588824
678,0.06591613285511379
679,0.06598421404684951
680,0.06605224134379377
681,0.06612021478861099
682,0.06618813442393194
683,0.0662560002923535
684,0.06632381243643895
685,0.06639157089871785
686,0.06645927572168604
687,0.06652692694780575
688,0.0665945246195056
689,0.06666206877918066
690,0.06672955946919237
691,0.06679699673186866
692,0.06686438060950398
693,0.06693171114435927
694,0.066998988378662
695,0.06706621235460626
696,0.06713338311435273
697,0.06720050070002864
698,0.06726756515372799
699,0.06733457651751133
700,0.06740153483340604
701,0.06746844014340614
702,0.06753529248947243
703,0.06760209191353252
704,0.06766883845748077
705,0.06773553216317846
706,0.06780217307245365
707,0.06786876122710134
708,0.0679352966688834
709,0.06800177943952869
710,0.06806820958073301
711,0.06813458713415917
712,0.06820091214143695
713,0.06826718464416322
714,0.06833340468390192
715,0.06839957230218409
716,0.06846568754050783
717,0.06853175044033849
718,0.06859776104310852
719,0.06866371939021759
720,0.0687296255230326
721,0.06879547948288774
722,0.06886128131108439
723,0.06892703104889134
724,0.0689927287375446
725,0.06905837441824765
726,0.06912396813217128
727,0.06918950992045367
728,0.06925499982420054
729,0.06932043788448493
730,0.06938582414234747
731,0.06945115863879626
732,0.06951644141480695
733,0.06958167251132273
734,0.06964685196925442
735,0.06971197982948041
736,0.06977705613284672
737,0.06984208092016711
738,0.06990705423222296
739,0.06997197610976341
740,0.07003684659350529
741,0.07010166572413325
742,0.0701664335422997
743,0.0702311500886249
744,0.0702958154036969
745,0.07036042952807173
746,0.07042499250227313
747,0.07048950436679297
748,0.0705539651620909
749,0.07061837492859463
750,0.07068273370669985
751,0.07074704153677024
752,0.07081129845913758
753,0.07087550451410168
754,0.07093965974193048
755,0.07100376418285999
756,0.07106781787709442
757,0.07113182086480613
758,0.07119577318613571
759,0.07125967488119192
760,0.0713235259900518
761,0.07138732655276066
762,0.07145107660933214
763,0.07151477619974814
764,0.07157842536395895
765,0.07164202414188325
766,0.07170557257340807
767,0.07176907069838889
768,0.07183251855664967
769,0.0718959161879828
770,0.0719592636321492
771,0.07202256092887825
772,0.07208580811786798
773,0.07214900523878494
774,0.07221215233126424
775,0.0722752494349097
776,0.07233829658929372
777,0.07240129383395741
778,0.07246424120841054
779,0.07252713875213165
780,0.07258998650456802
781,0.07265278450513565
782,0.07271553279321942
783,0.07277823140817297
784,0.07284088038931878
785,0.07290347977594824
786,0.07296602960732167
787,0.07302852992266821
788,0.073090980761186
789,0.07315338216204216
790,0.07321573416437278
791,0.07327803680728302
792,0.07334029012984701
793,0.07340249417110799
794,0.07346464897007825
795,0.07352675456573929
796,0.07358881099704166
797,0.07365081830290514
798,0.07371277652221861
799,0.07377468569384027
800,0.07383654585659749
801,0.07389835704928695
802,0.07396011931067457
803,0.07402183267949562
804,0.07408349719445469
805,0.0741451128942257
806,0.07420667981745202
807,0.0742681980027464
808,0.074329667488691
809,0.07439108831383745
810,0.07445246051670687
811,0.0745137841357899
812,0.0745750592095467
813,0.07463628577640695
814,0.07469746387476993
815,0.07475859354300456
816,0.07481967481944933
817,0.0748807077424124
818,0.07494169235017163
819,0.07500262868097451
820,0.07506351677303837
821,0.07512435666455017
822,0.07518514839366669
823,0.0752458919985145
824,0.07530658751718997
825,0.07536723498775934
826,0.07542783444825873
827,0.07548838593669412
828,0.07554888949104135
829,0.07560934514924632
830,0.0756697529492248
831,0.07573011292886259
832,0.07579042512601544
833,0.07585068957850921
834,0.07591090632413976
835,0.07597107540067306
836,0.07603119684584518
837,0.07609127069736228
838,0.07615129699290073
839,0.07621127577010699
840,0.07627120706659783
841,0.0763310909199602
842,0.0763909273677512
843,0.07645071644749835
844,0.07651045819669933
845,0.07657015265282224
846,0.07662979985330548
847,0.0766893998355578
848,0.07674895263695833
849,0.07680845829485661
850,0.07686791684657267
851,0.07692732832939693
852,0.07698669278059032
853,0.07704601023738425
854,0.07710528073698068
855,0.07716450431655215
856,0.0772236810132417
857,0.07728281086416303
858,0.07734189390640038
859,0.07740093017700875
860,0.0774599197130137
861,0.07751886255141155
862,0.07757775872916932
863,0.07763660828322468
864,0.07769541125048621
865,0.07775416766783315
866,0.0778128775721156
867,0.07787154100015449
868,0.07793015798874155
869,0.07798872857463947
870,0.07804725279458176
871,0.07810573068527289
872,0.07816416228338827
873,0.07822254762557428
874,0.07828088674844826
875,0.0783391796885986
876,0.07839742648258471
877,0.07845562716693705
878,0.07851378177815718
879,0.07857189035271776
880,0.07862995292706258
881,0.07868796953760657
882,0.07874594022073578
883,0.0788038650128076
884,0.07886174395015048
885,0.07891957706906423
886,0.07897736440581984
887,0.07903510599665965
888,0.07909280187779728
889,0.07915045208541767
890,0.07920805665567714
891,0.0792656156247034
892,0.07932312902859547
893,0.07938059690342393
894,0.07943801928523071
895,0.07949539621002924
896,0.07955272771380445
897,0.07961001383251273
898,0.07966725460208207
899,0.079724450058412
900,0.07978160023737361
901,0.07983870517480963
902,0.07989576490653438
903,0.07995277946833386
904,0.0800097488959657
905,0.08006667322515924
906,0.08012355249161558
907,0.0801803867310075
908,0.08023717597897957
909,0.08029392027114811
910,0.0803506196431013
911,0.08040727413039911
912,0.08046388376857336
913,0.08052044859312775
914,0.08057696863953787
915,0.08063344394325124
916,0.0806898745396873
917,0.08074626046423748
918,0.08080260175226515
919,0.08085889843910574
920,0.08091515056006662
921,0.08097135815042733
922,0.08102752124543937
923,0.08108363988032641
924,0.0811397140902842
925,0.08119574391048064
926,0.08125172937605578
927,0.08130767052212186
928,0.08136356738376334
929,0.08141941999603684
930,0.08147522839397135
931,0.081530992612568
932,0.0815867126868003
933,0.08164238865161404
934,0.0816980205419273
935,0.08175360839263066
936,0.08180915223858692
937,0.08186465211463138
938,0.08192010805557172
939,0.08197552009618808
940,0.08203088827123307
941,0.08208621261543178
942,0.08214149316348182
943,0.08219672995005332
944,0.08225192300978898
945,0.08230707237730407
946,0.08236217808718643
947,0.0824172401739966
948,0.08247225867226766
949,0.0825272336165054
950,0.0825821650411883
951,0.08263705298076757
952,0.08269189746966706
953,0.08274669854228348
954,0.0828014562329862
955,0.08285617057611748
956,0.08291084160599238
957,0.0829654693568987
958,0.0830200538630972
959,0.0830745951588215
960,0.08312909327827807
961,0.08318354825564635
962,0.08323796012507871
963,0.08329232892070047
964,0.08334665467660995
965,0.08340093742687849
966,0.0834551772055504
967,0.08350937404664315
968,0.08356352798414715
969,0.08361763905202599
970,0.08367170728421634
971,0.08372573271462803
972,0.08377971537714402
973,0.08383365530562045
974,0.08388755253388668
975,0.08394140709574524
976,0.083995219024972
977,0.08404898835531596
978,0.08410271512049954
979,0.08415639935421831
980,0.08421004109014132
981,0.0842636403619109
982,0.08431719720314271
983,0.08437071164742588
984,0.08442418372832283
985,0.08447761347936958
986,0.08453100093407544
987,0.0845843461259233
988,0.08463764908836949
989,0.08469090985484387
990,0.08474412845874983
991,0.08479730493346437
992,0.08485043931233796
993,0.08490353162869477
994,0.08495658191583251
995,0.08500959020702263
996,0.08506255653551016
997,0.08511548093451383
998,0.08516836343722609
999,0.08522120407681306
1000,0.0852740028864147
1001,0.08532675989914466
1002,0.08537947514809041
1003,0.0854321486663132
1004,0.08548478048684813
1005,0.08553737064270417
1006,0.08558991916686408
1007,0.08564242609228463
1008,0.08569489145189638
1009,0.08574731527860385
1010,0.08579969760528564
1011,0.08585203846479413
1012,0.08590433788995581
1013,0.08595659591357115
1014,0.08600881256841465
1015,0.08606098788723489
1016,0.08611312190275452
1017,0.08616521464767028
1018,0.08621726615465299
1019,0.08626927645634766
1020,0.08632124558537344
1021,0.08637317357432363
1022,0.08642506045576581
1023,0.08647690626224165
1024,0.08652871102626718
1025,0.08658047478033264
1026,0.08663219755690253
1027,0.08668387938841567
1028,0.08673552030728522
1029,0.08678712034589862
1030,0.0868386795366178
1031,0.08689019791177888
1032,0.08694167550369257
1033,0.08699311234464385
1034,0.0870445084668923
1035,0.0870958639026718
1036,0.08714717868419078
1037,0.08719845284363226
1038,0.08724968641315359
1039,0.08730087942488687
1040,0.08735203191093865
1041,0.08740314390339007
1042,0.08745421543429688
1043,0.08750524653568946
1044,0.08755623723957284
1045,0.08760718757792672
1046,0.08765809758270549
1047,0.08770896728583819
1048,0.08775979671922862
1049,0.08781058591475537
1050,0.08786133490427168
1051,0.0879120437196057
1052,0.0879627123925603
1053,0.08801334095491324
1054,0.08806392943841704
1055,0.08811447787479916
1056,0.0881649862957619
1057,0.08821545473298245
1058,0.088265883218113
1059,0.0883162717827806
1060,0.08836662045858734
1061,0.0884169292771102
1062,0.08846719826990124
1063,0.0885174274684875
1064,0.08856761690437108
1065,0.08861776660902916
1066,0.08866787661391397
1067,0.08871794695045283
1068,0.08876797765004825
1069,0.08881796874407781
1070,0.08886792026389427
1071,0.0889178322408256
1072,0.0889677047061749
1073,0.08901753769122062
1074,0.08906733122721627
1075,0.08911708534539078
1076,0.08916680007694827
1077,0.08921647545306818
1078,0.08926611150490528
1079,0.08931570826358966
1080,0.08936526576022677
1081,0.08941478402589743
1082,0.08946426309165788
1083,0.08951370298853978
1084,0.08956310374755014
1085,0.08961246539967155
1086,0.08966178797586198
1087,0.08971107150705492
1088,0.0897603160241594
1089,0.08980952155805993
1090,0.08985868813961664
1091,0.08990781579966514
1092,0.08995690456901674
1093,0.09000595447845822
1094,0.09005496555875213
1095,0.09010393784063658
1096,0.09015287135482536
1097,0.090201766132008
1098,0.09025062220284964
1099,0.09029943959799122
1100,0.09034821834804944
1101,0.09039695848361665
1102,0.09044566003526111
1103,0.09049432303352681
1104,0.09054294750893356
1105,0.09059153349197709
1106,0.09064008101312886
1107,0.0906885901028363
1108,0.09073706079152272
1109,0.09078549310958735
1110,0.0908338870874053
1111,0.0908822427553277
1112,0.09093056014368167
1113,0.09097883928277023
1114,0.09102708020287249
1115,0.09107528293424352
1116,0.09112344750711457
1117,0.09117157395169283
1118,0.0912196622981616
1119,0.09126771257668032
1120,0.09131572481738454
1121,0.09136369905038597
1122,0.09141163530577244
1123,0.09145953361360802
1124,0.09150739400393292
1125,0.09155521650676364
1126,0.09160300115209284
1127,0.09165074796988947
1128,0.09169845699009882
1129,0.09174612824264235
1130,0.09179376175741791
1131,0.09184135756429967
1132,0.0918889156931382
1133,0.09193643617376035
1134,0.0919839190359694
1135,0.09203136430954503
1136,0.09207877202424337
1137,0.09212614220979698
1138,0.09217347489591485
1139,0.0922207701122825
1140,0.09226802788856192
1141,0.09231524825439166
1142,0.09236243123938674
1143,0.0924095768731388
1144,0.09245668518521602
1145,0.09250375620516317
1146,0.09255078996250166
1147,0.09259778648672949
1148,0.09264474580732135
1149,0.09269166795372856
1150,0.09273855295537918
1151,0.0927854008416779
1152,0.09283221164200618
1153,0.09287898538572223
1154,0.09292572210216096
1155,0.09297242182063416
1156,0.0930190845704303
1157,0.09306571038081474
1158,0.09311229928102964
1159,0.09315885130029403
1160,0.0932053664678038
1161,0.09325184481273176
1162,0.09329828636422756
1163,0.0933446911514178
1164,0.09339105920340605
1165,0.09343739054927284
1166,0.09348368521807568
1167,0.093529943238849
1168,0.09357616464060434
1169,0.09362234945233025
1170,0.09366849770299229
1171,0.09371460942153315
1172,0.09376068463687258
1173,0.09380672337790742
1174,0.09385272567351166
1175,0.0938986915525364
1176,0.09394462104380998
1177,0.09399051417613781
1178,0.09403637097830257
1179,0.09408219147906413
1180,0.09412797570715964
1181,0.09417372369130338
1182,0.09421943546018705
1183,0.0942651110424795
1184,0.094310750466827
1185,0.09435635376185308
1186,0.09440192095615864
1187,0.09444745207832188
1188,0.09449294715689845
1189,0.09453840622042134
1190,0.094583829297401
1191,0.0946292164163253
1192,0.09467456760565952
1193,0.0947198828938464
1194,0.09476516230930628
1195,0.09481040588043685
1196,0.0948556136356134
1197,0.09490078560318875
1198,0.09494592181149326
1199,0.0949910222888349
1200,0.09503608706349917
1201,0.09508111616374923
1202,0.09512610961782585
1203,0.09517106745394742
1204,0.09521598970031003
1205,0.09526087638508743
1206,0.09530572753643109
1207,0.09535054318247012
1208,0.09539532335131147
1209,0.09544006807103977
1210,0.09548477736971742
1211,0.09552945127538462
1212,0.0955740898160594
1213,0.09561869301973755
1214,0.09566326091439274
1215,0.09570779352797647
1216,0.09575229088841818
1217,0.09579675302362509
1218,0.09584117996148238
1219,0.09588557172985321
1220,0.09592992835657861
1221,0.0959742498694776
1222,0.09601853629634714
1223,0.09606278766496228
1224,0.09610700400307598
1225,0.09615118533841926
1226,0.09619533169870123
1227,0.096239443111609
1228,0.09628351960480781
1229,0.09632756120594099
1230,0.09637156794262997
1231,0.09641553984247433
1232,0.09645947693305179
1233,0.09650337924191825
1234,0.0965472467966078
1235,0.0965910796246327
1236,0.09663487775348349
1237,0.0966786412106289
1238,0.09672237002351591
1239,0.09676606421956978
1240,0.09680972382619411
1241,0.09685334887077077
1242,0.0968969393806599
1243,0.09694049538320007
1244,0.09698401690570814
1245,0.0970275039754794
1246,0.09707095661978753
1247,0.09711437486588456
1248,0.09715775874100097
1249,0.09720110827234572
1250,0.09724442348710621
1251,0.0972877044124483
1252,0.09733095107551638
1253,0.09737416350343331
1254,0.09741734172330051
1255,0.09746048576219796
1256,0.09750359564718414
1257,0.09754667140529616
1258,0.09758971306354973
1259,0.09763272064893914
1260,0.09767569418843737
1261,0.09771863370899594
1262,0.09776153923754519
1263,0.09780441080099396
1264,0.09784724842622994
1265,0.09789005214011949
1266,0.09793282196950762
1267,0.09797555794121822
1268,0.09801826008205387
1269,0.09806092841879592
1270,0.09810356297820459
1271,0.0981461637870188
1272,0.09818873087195644
1273,0.09823126425971417
1274,0.09827376397696748
1275,0.09831623005037086
1276,0.09835866250655761
1277,0.09840106137213993
1278,0.09844342667370903
1279,0.09848575843783504
1280,0.09852805669106703
1281,0.09857032145993305
1282,0.09861255277094019
1283,0.09865475065057455
1284,0.0986969151253012
1285,0.09873904622156437
1286,0.09878114396578727
1287,0.09882320838437221
1288,0.09886523950370063
1289,0.098907237350133
1290,0.0989492019500091
1291,0.09899113332964762
1292,0.0990330315153466
1293,0.09907489653338325
1294,0.09911672841001382
1295,0.09915852717147398
1296,0.09920029284397845
1297,0.09924202545372135
1298,0.09928372502687599
1299,0.09932539158959494
1300,0.09936702516801012
1301,0.09940862578823272
1302,0.09945019347635327
1303,0.09949172825844169
1304,0.09953323016054719
1305,0.09957469920869844
1306,0.0996161354289034
1307,0.09965753884714953
1308,0.09969890948940373
1309,0.09974024738161222
1310,0.09978155254970086
1311,0.0998228250195748
1312,0.09986406481711882
1313,0.09990527196819717
1314,0.09994644649865358
1315,0.0999875884343114
1316,0.10002869780097345
1317,0.10006977462442221
1318,0.10011081893041972
1319,0.10015183074470756
1320,0.10019281009300704
1321,0.10023375700101901
1322,0.10027467149442407
1323,0.1003155535988824
1324,0.10035640334003396
1325,0.10039722074349831
1326,0.10043800583487479
1327,0.10047875863974248
1328,0.10051947918366021
1329,0.10056016749216652
1330,0.10060082359077982
1331,0.10064144750499825
1332,0.10068203926029978
1333,0.10072259888214226
1334,0.10076312639596328
1335,0.10080362182718047
1336,0.10084408520119112
1337,0.10088451654337258
1338,0.10092491587908206
1339,0.10096528323365665
1340,0.10100561863241349
1341,0.10104592210064954
1342,0.10108619366364184
1343,0.10112643334664742
1344,0.10116664117490322
1345,0.10120681717362633
1346,0.10124696136801375
1347,0.10128707378324263
1348,0.10132715444447016
1349,0.10136720337683358
1350,0.10140722060545031
1351,0.10144720615541776
1352,0.10148716005181362
1353,0.10152708231969565
1354,0.10156697298410172
1355,0.10160683207005003
1356,0.10164665960253881
1357,0.1016864556065466
1358,0.10172622010703217
1359,0.10176595312893445
1360,0.10180565469717273
1361,0.1018453248366465
1362,0.10188496357223557
1363,0.10192457092880008
1364,0.10196414693118039
1365,0.1020036916041973
1366,0.10204320497265194
1367,0.10208268706132581
1368,0.10212213789498073
1369,0.10216155749835895
1370,0.10220094589618318
1371,0.10224030311315656
1372,0.10227962917396255
1373,0.10231892410326525
1374,0.10235818792570905
1375,0.10239742066591903
1376,0.10243662234850058
1377,0.10247579299803976
1378,0.1025149326391031
1379,0.10255404129623769
1380,0.10259311899397118
1381,0.1026321657568118
1382,0.10267118160924844
1383,0.10271016657575054
1384,0.10274912068076814
1385,0.10278804394873202
1386,0.10282693640405358
1387,0.10286579807112484
1388,0.10290462897431861
1389,0.10294342913798828
1390,0.10298219858646812
1391,0.10302093734407299
1392,0.10305964543509857
1393,0.10309832288382133
1394,0.10313696971449846
1395,0.10317558595136798
1396,0.10321417161864875
1397,0.1032527267405404
1398,0.10329125134122345
1399,0.10332974544485923
1400,0.10336820907559001
1401,0.10340664225753889
1402,0.1034450450148099
1403,0.103483417371488
1404,0.10352175935163901
1405,0.10356007097930983
1406,0.10359835227852822
1407,0.10363660327330292
1408,0.10367482398762377
1409,0.10371301444546145
1410,0.1037511746707678
1411,0.10378930468747567
1412,0.10382740451949893
1413,0.10386547419073255
1414,0.10390351372505255
1415,0.1039415231463161
1416,0.10397950247836145
1417,0.10401745174500798
1418,0.10405537097005621
1419,0.10409326017728784
1420,0.10413111939046574
1421,0.10416894863333395
1422,0.10420674792961772
1423,0.10424451730302352
1424,0.10428225677723908
1425,0.10431996637593334
1426,0.10435764612275651
1427,0.10439529604134007
1428,0.10443291615529687
1429,0.10447050648822094
1430,0.10450806706368773
1431,0.104545597905254
1432,0.10458309903645782
1433,0.10462057048081873
1434,0.1046580122618375
1435,0.10469542440299644
1436,0.1047328069277592
1437,0.10477015985957086
1438,0.10480748322185796
1439,0.10484477703802847
1440,0.10488204133147186
1441,0.10491927612555903
1442,0.10495648144364245
1443,0.10499365730905605
1444,0.10503080374511532
1445,0.1050679207751173
1446,0.10510500842234054
1447,0.10514206671004515
1448,0.10517909566147296
1449,0.10521609529984725
1450,0.10525306564837297
1451,0.10529000673023674
1452,0.10532691856860672
1453,0.10536380118663288
1454,0.10540065460744676
1455,0.10543747885416159
1456,0.10547427394987231
1457,0.10551103991765562
1458,0.10554777678056994
1459,0.10558448456165538
1460,0.10562116328393387
1461,0.10565781297040909
1462,0.1056944336440665
1463,0.10573102532787344
1464,0.10576758804477893
1465,0.10580412181771397
1466,0.10584062666959128
1467,0.10587710262330552
1468,0.10591354970173322
1469,0.1059499679277328
1470,0.10598635732414452
1471,0.10602271791379066
1472,0.10605904971947533
1473,0.1060953527639847
1474,0.10613162707008682
1475,0.10616787266053172
1476,0.10620408955805147
1477,0.10624027778536008
1478,0.10627643736515364
1479,0.10631256832011027
1480,0.10634867067289006
1481,0.10638474444613524
1482,0.1064207896624701
1483,0.10645680634450098
1484,0.1064927945148164
1485,0.10652875419598695
1486,0.10656468541056532
1487,0.10660058818108639
1488,0.10663646253006724
1489,0.10667230848000703
1490,0.10670812605338718
1491,0.1067439152726713
1492,0.10677967616030518
1493,0.10681540873871691
1494,0.10685111303031675
1495,0.10688678905749725
1496,0.10692243684263326
1497,0.10695805640808191
1498,0.1069936477761826
1499,0.10702921096925706
1500,0.10706474600960936
1501,0.10710025291952588
1502,0.10713573172127541
1503,0.10717118243710909
1504,0.10720660508926044
1505,0.10724199969994536
1506,0.1072773662913622
1507,0.1073127048856917
1508,0.1073480155050971
1509,0.10738329817172403
1510,0.10741855290770058
1511,0.10745377973513744
1512,0.10748897867612764
1513,0.10752414975274685
1514,0.10755929298705319
1515,0.10759440840108735
1516,0.1076294960168725
1517,0.10766455585641452
1518,0.10769958794170174
1519,0.10773459229470515
1520,0.10776956893737831
1521,0.10780451789165742
1522,0.1078394391794613
1523,0.10787433282269147
1524,0.10790919884323202
1525,0.10794403726294982
1526,0.10797884810369435
1527,0.10801363138729783
1528,0.1080483871355752
1529,0.10808311537032408
1530,0.10811781611332492
1531,0.10815248938634087
1532,0.10818713521111784
1533,0.10822175360938459
1534,0.10825634460285258
1535,0.10829090821321621
1536,0.10832544446215259
1537,0.10835995337132172
1538,0.10839443496236649
1539,0.10842888925691256
1540,0.10846331627656859
1541,0.10849771604292602
1542,0.10853208857755928
1543,0.10856643390202565
1544,0.10860075203786544
1545,0.10863504300660184
1546,0.10866930682974098
1547,0.10870354352877204
1548,0.10873775312516713
1549,0.10877193564038139
1550,0.10880609109585299
1551,0.10884021951300302
1552,0.10887432091323579
1553,0.10890839531793854
1554,0.10894244274848162
1555,0.10897646322621846
1556,0.10901045677248557
1557,0.10904442340860257
1558,0.10907836315587224
1559,0.10911227603558045
1560,0.10914616206899629
1561,0.10918002127737188
1562,0.10921385368194268
1563,0.10924765930392721
1564,0.10928143816452725
1565,0.10931519028492781
1566,0.10934891568629707
1567,0.10938261438978653
1568,0.10941628641653087
1569,0.10944993178764811
1570,0.10948355052423951
1571,0.10951714264738961
1572,0.1095507081781663
1573,0.10958424713762077
1574,0.10961775954678755
1575,0.10965124542668454
1576,0.10968470479831294
1577,0.1097181376826574
1578,0.10975154410068591
1579,0.10978492407334986
1580,0.1098182776215841
1581,0.10985160476630684
1582,0.10988490552841981
1583,0.1099181799288081
1584,0.10995142798834036
1585,0.10998464972786866
1586,0.11001784516822859
1587,0.1100510143302392
1588,0.11008415723470313
1589,0.11011727390240653
1590,0.11015036435411905
1591,0.11018342861059394
1592,0.11021646669256802
1593,0.11024947862076166
1594,0.1102824644158789
1595,0.11031542409860731
1596,0.11034835768961812
1597,0.1103812652095662
1598,0.11041414667909008
1599,0.11044700211881188
1600,0.1104798315493375
1601,0.11051263499125646
1602,0.11054541246514198
1603,0.11057816399155104
1604,0.11061088959102433
1605,0.11064358928408623
1606,0.11067626309124488
1607,0.11070891103299231
1608,0.11074153312980417
1609,0.11077412940213996
1610,0.11080669987044303
1611,0.11083924455514045
1612,0.11087176347664322
1613,0.1109042566553461
1614,0.11093672411162778
1615,0.11096916586585075
1616,0.11100158193836139
1617,0.11103397234949004
1618,0.11106633711955088
1619,0.111098676268842
1620,0.11113098981764552
1621,0.11116327778622732
1622,0.11119554019483746
1623,0.11122777706370982
1624,0.11125998841306226
1625,0.11129217426309673
1626,0.11132433463399913
1627,0.11135646954593933
1628,0.11138857901907137
1629,0.1114206630735332
1630,0.11145272172944688
1631,0.11148475500691857
1632,0.11151676292603846
1633,0.11154874550688089
1634,0.11158070276950426
1635,0.11161263473395114
1636,0.11164454142024813
1637,0.11167642284840612
1638,0.11170827903842011
1639,0.11174011001026919
1640,0.11177191578391674
1641,0.11180369637931027
1642,0.1118354518163815
1643,0.11186718211504647
1644,0.11189888729520531
1645,0.11193056737674248
1646,0.11196222237952669
1647,0.1119938523234109
1648,0.1120254572282324
1649,0.11205703711381271
1650,0.11208859199995773
1651,0.11212012190645759
1652,0.11215162685308687
1653,0.11218310685960442
1654,0.11221456194575342
1655,0.11224599213126149
1656,0.11227739743584061
1657,0.11230877787918715
1658,0.11234013348098192
1659,0.11237146426089004
1660,0.11240277023856123
1661,0.1124340514336295
1662,0.11246530786571343
1663,0.11249653955441603
1664,0.11252774651932475
1665,0.11255892878001157
1666,0.11259008635603301
1667,0.11262121926693003
1668,0.11265232753222822
1669,0.11268341117143761
1670,0.11271447020405286
1671,0.11274550464955317
1672,0.1127765145274023
1673,0.11280749985704865
1674,0.11283846065792519
1675,0.11286939694944953
1676,0.11290030875102385
1677,0.11293119608203504
1678,0.11296205896185461
1679,0.11299289740983874
1680,0.11302371144532831
1681,0.11305450108764883
1682,0.11308526635611058
1683,0.11311600727000853
1684,0.11314672384862233
1685,0.11317741611121643
1686,0.11320808407704
1687,0.11323872776532697
1688,0.11326934719529608
1689,0.11329994238615079
1690,0.11333051335707942
1691,0.11336106012725504
1692,0.11339158271583563
1693,0.11342208114196393
1694,0.11345255542476754
1695,0.11348300558335894
1696,0.11351343163683544
1697,0.11354383360427928
1698,0.11357421150475756
1699,0.11360456535732232
1700,0.11363489518101046
1701,0.1136652009948439
1702,0.11369548281782937
1703,0.11372574066895871
1704,0.11375597456720858
1705,0.11378618453154074
1706,0.11381637058090185
1707,0.11384653273422361
1708,0.11387667101042276
1709,0.113906785428401
1710,0.11393687600704511
1711,0.11396694276522688
1712,0.11399698572180325
1713,0.11402700489561611
1714,0.11405700030549255
1715,0.11408697197024469
1716,0.11411691990866973
1717,0.11414684413955006
1718,0.11417674468165318
1719,0.11420662155373171
1720,0.11423647477452344
1721,0.11426630436275134
1722,0.11429611033712354
1723,0.11432589271633337
1724,0.1143556515190593
1725,0.11438538676396515
1726,0.11441509846969986
1727,0.1144447866548976
1728,0.11447445133817788
1729,0.11450409253814535
1730,0.11453371027339003
1731,0.11456330456248719
1732,0.11459287542399735
1733,0.11462242287646644
1734,0.11465194693842562
1735,0.11468144762839139
1736,0.11471092496486567
1737,0.11474037896633558
1738,0.1147698096512738
1739,0.11479921703813821
1740,0.11482860114537219
1741,0.11485796199140445
1742,0.1148872995946492
1743,0.11491661397350597
1744,0.1149459051463598
1745,0.11497517313158115
1746,0.11500441794752592
1747,0.11503363961253549
1748,0.11506283814493674
1749,0.11509201356304202
1750,0.11512116588514917
1751,0.11515029512954163
1752,0.11517940131448821
1753,0.11520848445824344
1754,0.11523754457904725
1755,0.11526658169512523
1756,0.11529559582468846
1757,0.11532458698593367
1758,0.11535355519704317
1759,0.11538250047618484
1760,0.11541142284151223
1761,0.11544032231116448
1762,0.1154691989032664
1763,0.11549805263592841
1764,0.11552688352724665
1765,0.11555569159530289
1766,0.1155844768581646
1767,0.11561323933388495
1768,0.11564197904050282
1769,0.1156706959960428
1770,0.11569939021851523
1771,0.11572806172591617
1772,0.11575671053622744
1773,0.11578533666741664
1774,0.11581394013743714
1775,0.11584252096422806
1776,0.11587107916571442
1777,0.11589961475980691
1778,0.11592812776440216
1779,0.11595661819738258
1780,0.11598508607661641
1781,0.11601353141995778
1782,0.11604195424524669
1783,0.11607035457030895
1784,0.11609873241295636
1785,0.11612708779098654
1786,0.11615542072218306
1787,0.11618373122431538
1788,0.11621201931513894
1789,0.1162402850123951
1790,0.11626852833381114
1791,0.11629674929710036
1792,0.11632494791996202
1793,0.11635312422008139
1794,0.11638127821512968
1795,0.11640940992276416
1796,0.11643751936062811
1797,0.11646560654635082
1798,0.11649367149754772
1799,0.11652171423182014
1800,0.1165497347667556
1801,0.11657773311992767
1802,0.11660570930889594
1803,0.1166336633512062
1804,0.11666159526439028
1805,0.11668950506596618
1806,0.11671739277343798
1807,0.11674525840429596
1808,0.1167731019760165
1809,0.11680092350606218
1810,0.11682872301188174
1811,0.11685650051091015
1812,0.11688425602056848
1813,0.11691198955826411
1814,0.1169397011413906
1815,0.11696739078732775
1816,0.11699505851344158
1817,0.11702270433708435
1818,0.11705032827559464
1819,0.11707793034629728
1820,0.11710551056650337
1821,0.1171330689535103
1822,0.1171606055246018
1823,0.11718812029704789
1824,0.11721561328810495
1825,0.11724308451501565
1826,0.11727053399500904
1827,0.11729796174530055
1828,0.11732536778309195
1829,0.11735275212557142
1830,0.11738011478991346
1831,0.11740745579327909
1832,0.11743477515281568
1833,0.117462072885657
1834,0.11748934900892333
1835,0.11751660353972133
1836,0.11754383649514413
1837,0.11757104789227137
1838,0.11759823774816913
1839,0.11762540607989
1840,0.11765255290447305
1841,0.11767967823894386
1842,0.11770678210031457
1843,0.11773386450558385
1844,0.11776092547173685
1845,0.11778796501574532
1846,0.11781498315456757
1847,0.11784197990514853
1848,0.11786895528441962
1849,0.11789590930929894
1850,0.11792284199669113
1851,0.11794975336348754
1852,0.11797664342656605
1853,0.11800351220279122
1854,0.1180303597090143
1855,0.11805718596207311
1856,0.11808399097879221
1857,0.11811077477598285
1858,0.11813753737044291
1859,0.11816427877895705
1860,0.11819099901829655
1861,0.11821769810521947
1862,0.11824437605647062
1863,0.11827103288878155
1864,0.11829766861887049
1865,0.11832428326344253
1866,0.1183508768391895
1867,0.11837744936279
1868,0.11840400085090945
1869,0.11843053132020005
1870,0.11845704078730088
1871,0.11848352926883773
1872,0.11850999678142339
1873,0.11853644334165735
1874,0.11856286896612604
1875,0.11858927367140275
1876,0.11861565747404759
1877,0.1186420203906077
1878,0.11866836243761697
1879,0.11869468363159628
1880,0.11872098398905341
1881,0.11874726352648307
1882,0.11877352226036696
1883,0.11879976020717364
1884,0.11882597738335872
1885,0.11885217380536474
1886,0.11887834948962123
1887,0.1189045044525447
1888,0.11893063871053872
1889,0.1189567522799938
1890,0.11898284517728754
1891,0.11900891741878451
1892,0.11903496902083638
1893,0.11906099999978187
1894,0.11908701037194672
1895,0.11911300015364382
1896,0.11913896936117305
1897,0.11916491801082148
1898,0.11919084611886324
1899,0.11921675370155958
1900,0.1192426407751589
1901,0.11926850735589671
1902,0.11929435345999566
1903,0.11932017910366559
1904,0.11934598430310348
1905,0.11937176907449353
1906,0.11939753343400705
1907,0.11942327739780265
1908,0.11944900098202606
1909,0.11947470420281027
1910,0.11950038707627553
1911,0.11952604961852924
1912,0.11955169184566611
1913,0.11957731377376812
1914,0.1196029154189045
1915,0.11962849679713174
1916,0.11965405792449363
1917,0.1196795988170213
1918,0.11970511949073315
1919,0.11973061996163487
1920,0.11975610024571955
1921,0.11978156035896757
1922,0.11980700031734667
1923,0.11983242013681196
1924,0.11985781983330593
1925,0.11988319942275842
1926,0.11990855892108664
1927,0.11993389834419527
1928,0.11995921770797635
1929,0.11998451702830935
1930,0.1200097963210612
1931,0.12003505560208617
1932,0.12006029488722611
1933,0.12008551419231023
1934,0.12011071353315528
1935,0.12013589292556542
1936,0.12016105238533238
1937,0.12018619192823532
1938,0.1202113115700409
1939,0.1202364113265034
1940,0.12026149121336449
1941,0.1202865512463535
1942,0.12031159144118724
1943,0.12033661181357008
1944,0.12036161237919399
1945,0.12038659315373851
1946,0.12041155415287072
1947,0.12043649539224538
1948,0.1204614168875048
1949,0.12048631865427889
1950,0.12051120070818526
1951,0.1205360630648291
1952,0.12056090573980324
1953,0.12058572874868823
1954,0.12061053210705219
1955,0.12063531583045102
1956,0.1206600799344282
1957,0.12068482443451502
1958,0.12070954934623039
1959,0.12073425468508092
1960,0.12075894046656106
1961,0.12078360670615286
1962,0.12080825341932619
1963,0.12083288062153866
1964,0.12085748832823563
1965,0.12088207655485025
1966,0.12090664531680345
1967,0.12093119462950394
1968,0.12095572450834825
1969,0.12098023496872069
1970,0.12100472602599345
1971,0.12102919769552646
1972,0.12105364999266759
1973,0.12107808293275249
1974,0.12110249653110472
1975,0.12112689080303568
1976,0.12115126576384462
1977,0.12117562142881873
1978,0.1211999578132331
1979,0.12122427493235069
1980,0.1212485728014224
1981,0.12127285143568703
1982,0.12129711085037138
1983,0.12132135106069016
1984,0.12134557208184597
1985,0.12136977392902949
1986,0.12139395661741931
1987,0.121418120162182
1988,0.12144226457847214
1989,0.12146638988143232
1990,0.12149049608619315
1991,0.12151458320787323
1992,0.1215386512615792
1993,0.12156270026240577
1994,0.12158673022543567
1995,0.12161074116573972
1996,0.12163473309837676
1997,0.12165870603839374
1998,0.12168266000082574
1999,0.12170659500069583
2000,0.12173051105301533
2001,0.12175440817278352
